group_id,user_id,avg_manipulative_rhetoric_score,non_neutral_post_ratio,oppositional_stance_ratio,anomaly_label,anomaly_score,comment_count,analyzed_post_count
co_negative_target_t030_001,DNaftel,0.0,0.0,0.6,1,2.282990782668083,15.0,0.0
co_negative_target_t030_001,Fijiambed,0.0,0.0,0.25,1,0.3225706843035345,32.0,0.0
co_negative_target_t030_001,Sir_Caloy,0.0,0.0,0.75,1,2.4547464358119577,12.0,0.0
co_negative_target_t030_001,TuggerSpeedmen,0.0,0.0,0.5,1,3.372154075024836,4.0,0.0
co_negative_target_t030_001,Unable_Chard9803,0.0,0.0,0.4,1,3.275913789762518,5.0,0.0
co_negative_target_t030_001,boohooman21,0.0,0.0,0.4285714285714285,1,3.862177554541592,7.0,0.0
co_negative_target_t030_001,my4coins,0.0,0.0,0.5,1,4.045043946034882,4.0,0.0
co_negative_target_t030_001,pohoferceni,0.0,0.0,1.0,1,3.851769861676595,3.0,0.0
co_negative_target_t030_002,333chordme,0.0,0.0,0.8,1,4.183599724497177,5.0,0.0
co_negative_target_t030_002,563847293810,0.0,0.0,0.625,1,3.36551795575932,8.0,0.0
co_negative_target_t030_002,CashFlowOrBust,0.0,0.0,0.3333333333333333,1,3.2300397504094582,12.0,0.0
co_negative_target_t030_002,CryptoCadaver,12.5,0.5,0.1785714285714285,-1,-4.253609289452767,56.0,4.0
co_negative_target_t030_002,Plumbus_DoorSalesman,0.0,0.0,0.8571428571428571,1,3.227417465528673,7.0,0.0
co_negative_target_t030_002,SilentRule755,0.0,0.0,0.625,1,2.940940885356719,8.0,0.0
co_negative_target_t030_002,WeekendQuant,0.0,0.0,0.4117647058823529,1,2.745161246943809,17.0,0.0
co_negative_target_t030_002,crscali,0.0,0.0,0.5714285714285714,1,3.0901415251102264,14.0,0.0
co_negative_target_t030_002,foundout-side,0.0,0.0,0.3333333333333333,1,3.690609956818391,6.0,0.0
co_negative_target_t030_002,fukidtiots,27.5,1.0,0.5,1,1.340295820660864,6.0,2.0
co_negative_target_t030_002,nocommentacct,0.0,0.0,0.3333333333333333,1,1.3184625218816288,24.0,0.0
co_negative_target_t030_002,riperson,0.0,0.0,0.4,1,4.147268682851888,5.0,0.0
co_negative_target_t030_002,systematicgoo,0.0,0.0,0.75,1,1.4689589753566137,12.0,0.0
co_negative_target_t030_002,walkinthedog97,0.0,0.0,0.6,1,2.5948274715897255,10.0,0.0
co_negative_target_t030_003,BenTG,0.0,0.0,0.5333333333333333,1,2.0043778817710103,15.0,0.0
co_negative_target_t030_003,DontLook_Weirdo,0.0,0.0,0.32,1,0.6629897331218322,25.0,1.0
co_negative_target_t030_003,Eggs-Benny,5.0,1.0,0.7777777777777778,1,2.805439116415551,9.0,1.0
co_negative_target_t030_003,GrassSmall6798,0.0,0.0,0.3,1,1.7183334292299517,20.0,0.0
co_negative_target_t030_003,PorkSwordEnthusiast,0.0,0.0,0.4444444444444444,1,1.8393233937978897,18.0,0.0
co_negative_target_t030_003,SirLandoLickherP,0.0,0.0,0.3461538461538461,1,1.5017394300677225,26.0,0.0
co_negative_target_t030_003,Stupendous_Twig,0.0,0.0,0.4615384615384615,1,3.0426154940191195,13.0,0.0
co_negative_target_t030_003,TryApprehensive2138,0.0,0.0,0.6,-1,-6.293714450869672,5.0,2.0
co_negative_target_t030_003,rokman,0.0,0.0,0.75,1,2.0936517654543136,12.0,0.0
co_negative_target_t030_003,thatguykeith,0.0,0.0,0.3333333333333333,1,3.1444606369206407,12.0,1.0
co_negative_target_t030_004,Chaff5,0.0,0.0,0.2857142857142857,1,2.270893258931861,14.0,0.0
co_negative_target_t030_004,Lord_Alamar,0.0,0.0,0.5,1,4.041124873431498,4.0,0.0
co_negative_target_t030_004,Pal3-Assignment,0.0,0.0,0.4545454545454545,1,2.4140055738758446,11.0,0.0
co_negative_target_t030_004,SeriousGains,0.0,0.0,0.4545454545454545,1,2.066538998067779,22.0,0.0
co_negative_target_t030_004,abercrombezie,23.333333333333332,1.0,0.1818181818181818,-1,-9.792791083619932,77.0,3.0
co_negative_target_t030_004,ghgrain,0.0,0.0,0.6666666666666666,1,2.634664223616043,6.0,0.0
co_negative_target_t030_004,helloipoo,0.0,0.0,1.0,1,1.7777846296451405,3.0,0.0
co_negative_target_t030_004,jojobo1818,0.0,0.0,0.6,-1,-1.4267859770558005,5.0,0.0
co_negative_target_t030_004,m00fster,0.0,0.0,0.5,1,2.9583496773931253,4.0,0.0
co_negative_target_t030_004,soundsandsights,0.0,0.0,1.0,1,4.15040704859639,2.0,0.0
co_negative_target_t030_005,Boro_Bhai,0.0,0.0,0.8,1,3.439358613562976,5.0,0.0
co_negative_target_t030_005,IamSuperLaxative,15.0,1.0,0.3043478260869565,1,2.7429680425064045,23.0,1.0
co_negative_target_t030_005,No-Document-4462,0.0,0.0,0.1944444444444444,-1,-2.117302182272006,36.0,0.0
co_negative_target_t030_005,NoUsernamesss,0.0,0.0,0.8571428571428571,1,3.0710897187627384,7.0,0.0
co_negative_target_t030_005,Outer_Fucking_Space2,0.0,0.0,0.3461538461538461,1,1.6006658775646143,26.0,0.0
co_negative_target_t030_005,Satoshiman256,0.0,0.0,0.5555555555555556,1,3.563970520961126,9.0,0.0
co_negative_target_t030_005,ScottKavanagh,0.0,0.0,1.0,1,3.350757035000676,3.0,0.0
co_negative_target_t030_005,Street_Outside_7228,0.0,0.0,0.125,1,1.877606164341119,16.0,1.0
co_negative_target_t030_005,Thawayshegoes,0.0,0.0,0.3333333333333333,1,2.83474982255954,18.0,0.0
co_negative_target_t030_005,knuF,0.0,0.0,0.24,1,1.2313904557153537,25.0,0.0
co_negative_target_t030_006,BlackDog990,0.0,0.0,0.5333333333333333,1,2.2653622266399966,15.0,0.0
co_negative_target_t030_006,Cubehagain,0.0,0.0,0.4210526315789473,1,1.9761202381817569,19.0,0.0
co_negative_target_t030_006,Guilin_CH,6.111111111111111,0.3333333333333333,0.2916666666666667,-1,-1.399619425768102,24.0,9.0
co_negative_target_t030_006,OnlyCollege9064,0.0,0.0,0.2666666666666666,1,3.1331885438539,15.0,0.0
co_negative_target_t030_006,Potex8,0.0,0.0,1.0,1,3.593831856268279,3.0,0.0
co_negative_target_t030_006,UPkuma,0.0,0.0,1.0,1,1.8567333691840424,3.0,0.0
co_negative_target_t030_006,_itspax_,0.0,0.0,0.25,1,2.9631747871182084,12.0,0.0
co_negative_target_t030_006,hryelle,0.0,0.0,0.4285714285714285,1,3.64948379432098,7.0,0.0
co_negative_target_t030_006,stanley_fatmax,0.0,0.0,0.5,1,1.5681739829184402,22.0,0.0
co_negative_target_t030_006,xGsGt,0.0,0.0,0.5517241379310345,1,0.5366490078621213,29.0,0.0
co_negative_target_t030_007,East_Lab_863,0.0,0.0,0.2142857142857142,1,2.997517270190564,14.0,0.0
co_negative_target_t030_007,HackermanCR,5.0,1.0,0.3,1,2.9788611188681533,10.0,1.0
co_negative_target_t030_007,HamburgersOfKazuhira,0.0,0.0,0.6,1,3.1516989443521783,5.0,0.0
co_negative_target_t030_007,JerseyJimmyAsheville,0.0,0.0,0.2222222222222222,1,2.2832943942621955,18.0,1.0
co_negative_target_t030_007,Major_Relation_6869,0.0,0.0,0.75,1,1.707020525430471,4.0,0.0
co_negative_target_t030_007,MushroomDizzy649,0.0,0.0,0.4285714285714285,1,3.154787593468625,14.0,0.0
co_negative_target_t030_007,XBThodler,77.5,1.0,0.3793103448275862,-1,-0.75233683220819,29.0,2.0
co_negative_target_t030_007,coojw,35.0,1.0,0.2882882882882883,-1,-3.703741359345866,111.0,4.0
co_negative_target_t030_007,jrdeveloper1,75.0,1.0,0.3571428571428571,1,2.0294809457783285,28.0,1.0
co_negative_target_t030_007,titsup24-7,0.0,0.0,0.7142857142857143,1,3.3317681407271875,7.0,0.0
co_negative_target_t030_008,Alternative_Show9800,0.0,0.0,0.3636363636363636,1,2.724146470809465,11.0,0.0
co_negative_target_t030_008,BlightedErgot32,0.0,0.0,0.5333333333333333,1,1.1005546302565232,15.0,0.0
co_negative_target_t030_008,Blkout50,0.0,0.0,0.5,1,2.4971533172573683,14.0,0.0
co_negative_target_t030_008,Crypto-hercules,50.0,1.0,0.2,-1,-4.1226709763292675,25.0,4.0
co_negative_target_t030_008,DeFiBandit,0.0,0.0,0.4,1,1.7248235682735542,20.0,0.0
co_negative_target_t030_008,MBA_MarketingSales,37.5,1.0,0.2857142857142857,1,2.350391508076022,14.0,2.0
co_negative_target_t030_008,Sweet-Celebration498,5.0,0.5,0.4,1,1.434426285886066,15.0,2.0
co_negative_target_t030_008,grabsomedropsome,0.0,0.0,0.8,1,4.044968304565545,5.0,0.0
co_negative_target_t030_008,inter71,70.0,1.0,0.2941176470588235,1,2.0337005478655565,34.0,1.0
co_negative_target_t030_009,Annual_Juggernaut_47,0.0,0.0,0.3260869565217391,-1,-1.6360269333978446,46.0,0.0
co_negative_target_t030_009,Glad-Flamingo-93,0.0,0.0,0.25,1,3.0020858364097607,12.0,0.0
co_negative_target_t030_009,Makunouchiipp0,0.0,0.0,0.2391304347826087,1,1.415448124101256,46.0,3.0
co_negative_target_t030_009,MapleCorp,0.0,0.0,0.6,1,3.301843873659598,5.0,0.0
co_negative_target_t030_009,MedellinCapital,0.0,0.0,0.4444444444444444,1,3.8183314343966503,9.0,0.0
co_negative_target_t030_009,Odd_Welder_1841,0.0,0.0,0.4,1,2.54279304566414,5.0,1.0
co_negative_target_t030_009,Prestigious_Ad280,30.0,1.0,0.28,-1,-5.203539163266168,25.0,3.0
co_negative_target_t030_009,SenSw0rd,0.0,0.0,0.6666666666666666,1,4.200229632681979,3.0,0.0
co_negative_target_t030_009,jsgrrchg,0.0,0.0,0.3636363636363636,1,2.5771718712415153,11.0,0.0
co_negative_target_t030_009,sylsau,33.0,1.0,0.2777777777777778,-1,-3.407309682679271,18.0,10.0
co_negative_target_t030_010,AlwaysMooning,10.0,1.0,0.4444444444444444,1,1.9579713670153824,36.0,1.0
co_negative_target_t030_010,BTCMachineElf,0.0,0.0,0.1818181818181818,-1,-3.0000681370274815,55.0,0.0
co_negative_target_t030_010,CMDR_Crook,0.0,0.0,1.0,1,4.232759647771448,3.0,0.0
co_negative_target_t030_010,Equivalent_Algae7167,0.0,0.0,1.0,1,2.0341852552799744,3.0,0.0
co_negative_target_t030_010,I_Hate_Reddit_69420,0.0,0.0,0.4444444444444444,1,3.2360364830674992,9.0,0.0
co_negative_target_t030_010,LandOfLuckyGhosts,0.0,0.0,0.6363636363636364,1,2.633708801006481,11.0,0.0
co_negative_target_t030_010,Ultimo_Ninja,0.0,0.0,0.1578947368421052,1,2.350057170081215,19.0,0.0
co_negative_target_t030_010,leanman82,0.0,0.0,1.0,1,2.737451198043731,4.0,0.0
co_negative_target_t030_010,themindspeaks,0.0,0.0,1.0,1,4.045842893668322,2.0,0.0
co_negative_target_t030_011,KualaLJ,0.0,0.0,0.8571428571428571,1,3.430247262142279,7.0,0.0
co_negative_target_t030_011,MagYkHeap,0.0,0.0,1.0,1,2.9375417371243686,2.0,0.0
co_negative_target_t030_011,btc2787,0.0,0.0,0.14,-1,-2.7732370088623455,50.0,0.0
co_negative_target_t030_011,minomes,0.0,0.0,0.2058823529411764,-1,-0.0413622102914716,34.0,0.0
co_negative_target_t030_011,mr_flibble_oz,0.0,0.0,1.0,-1,-1.3329711805606177,2.0,0.0
co_negative_target_t030_011,opticaIIllusion,0.0,0.0,0.3636363636363636,1,3.3134510565869073,11.0,0.0
co_negative_target_t030_012,Ancamnae,0.0,0.0,1.0,1,3.755350700068409,2.0,0.0
co_negative_target_t030_012,Flat4Power4Life,0.0,0.0,0.4666666666666667,1,2.6152309841349703,15.0,0.0
co_negative_target_t030_012,FucktheCaball,0.0,0.0,0.1666666666666666,1,2.919356288515051,12.0,0.0
co_negative_target_t030_012,TheLelouchLamperouge,7.5,0.0,0.5882352941176471,-1,-1.7121548326766094,17.0,2.0
co_negative_target_t030_013,21Moto,5.0,0.0,0.25,1,2.8331105238150456,32.0,1.0
co_negative_target_t030_013,Cool_Use_575,0.0,0.0,0.3333333333333333,1,2.738112786043164,6.0,0.0
co_negative_target_t030_013,MustHaveMoustache,55.0,1.0,0.3529411764705882,1,2.035450769597737,34.0,1.0
co_negative_target_t030_013,PresentAdvertising29,2.5,0.5,0.375,-1,-2.550748390124878,8.0,6.0
co_negative_target_t030_013,Pristine-Scarcity-25,0.0,0.0,0.1538461538461538,1,1.6574649561577983,26.0,0.0
co_negative_target_t030_013,buchetti09,0.0,0.0,0.3846153846153846,1,2.514234135695084,13.0,0.0
co_negative_target_t030_014,Digital_Scarcity,0.0,0.0,0.2631578947368421,1,2.3869937978255154,19.0,0.0
co_negative_target_t030_014,Terrible-Pattern8933,0.0,0.0,0.217391304347826,1,1.3271940404124662,23.0,0.0
co_negative_target_t030_014,buyBTCyoufuckingtard,0.0,0.0,0.5454545454545454,1,2.4947698623236656,11.0,0.0
co_negative_target_t030_014,doge_fps,0.0,0.0,0.238095238095238,1,1.836414449907565,21.0,0.0
co_negative_target_t030_014,dudimow,0.0,0.0,0.2857142857142857,1,1.7306571520805667,21.0,0.0
co_negative_target_t030_014,xtexm,57.142857142857146,1.0,0.1714285714285714,-1,-4.300009980166607,35.0,7.0
co_negative_target_t030_015,Civil_Store_5310,0.0,0.0,0.5,1,0.3280233487285127,32.0,0.0
co_negative_target_t030_015,Drcfan,0.0,0.0,0.5,1,2.944533762772681,4.0,0.0
co_negative_target_t030_015,GivenToFly55,0.0,0.0,1.0,1,1.0571109305446624,2.0,0.0
co_negative_target_t030_015,Murky_Citron_1799,0.0,0.0,0.4761904761904761,1,1.653158099137893,21.0,0.0
co_negative_target_t030_015,Typical-Street-6496,0.0,0.0,0.0666666666666666,-1,-1.3719506277497802,45.0,0.0
co_negative_target_t030_015,teflonjon321,0.0,0.0,0.5,1,0.3880013537525562,4.0,1.0
co_negative_target_t030_016,Gullible-Tie7535,0.0,0.0,1.0,1,2.956461826102995,9.0,0.0
co_negative_target_t030_016,Own-Throat-4390,0.0,0.0,0.3,1,3.1063970080188548,10.0,0.0
co_negative_target_t030_016,Shazvox,0.0,1.0,0.4482758620689655,1,0.7924809664581636,29.0,1.0
co_negative_target_t030_016,feathernose,0.0,0.0,0.5,1,3.114084876052549,6.0,0.0
co_negative_target_t030_016,mcns666,0.0,0.0,1.0,1,3.9972007167858936,2.0,0.0
co_negative_target_t030_016,ronchon,0.0,0.0,0.6666666666666666,1,1.2662042465528005,3.0,0.0
co_negative_target_t030_017,Aggressive_Pool_6384,0.0,0.0,1.0,1,2.5561430428331327,3.0,0.0
co_negative_target_t030_017,BrainCelll,0.0,0.0,0.4444444444444444,1,2.015634179743636,9.0,0.0
co_negative_target_t030_017,Lokijai,0.0,0.0,0.65,1,2.474401577537966,20.0,0.0
co_negative_target_t030_017,ReconeHelmut,0.0,0.0,0.3333333333333333,1,2.4482642892797832,18.0,0.0
co_negative_target_t030_017,SYNDK8D,0.0,0.0,0.5,1,3.905490141056569,6.0,0.0
co_negative_target_t030_017,d3lta8,0.0,0.0,0.2641509433962264,-1,-1.2832001286867882,53.0,1.0
co_negative_target_t030_018,Lazy-Effect4222,0.0,0.0,0.5,1,3.842269732661058,4.0,0.0
co_negative_target_t030_018,Miserable-Yellow-837,0.0,0.0,0.3333333333333333,1,1.1500474289670397,24.0,0.0
co_negative_target_t030_018,RoosterTail99,0.0,0.0,0.2142857142857142,1,2.8766296897326487,14.0,0.0
co_negative_target_t030_018,TomBradyandtheSpice,0.0,0.0,0.3636363636363636,1,3.7607640358584793,11.0,0.0
co_negative_target_t030_019,Flickyabitsnstuff,0.0,0.5,0.217391304347826,1,0.4113694523138882,23.0,2.0
co_negative_target_t030_019,Strict-Comfort-1337,0.0,0.0,0.2777777777777778,1,2.387879823242389,18.0,0.0
co_negative_target_t030_019,TheHerosReturn2020,0.0,0.0,0.4,-1,-6.164028073158784,5.0,2.0
co_negative_target_t030_019,flavourantvagrant,15.0,1.0,0.2065217391304347,-1,-4.709837571850825,92.0,4.0
co_negative_target_t030_019,icebot1190,0.0,0.0,0.8,1,2.869359891829109,5.0,0.0
co_negative_target_t030_019,tykeryerson,0.0,0.0,1.0,1,2.7369597186128787,2.0,0.0
co_negative_target_t030_020,GopniqStriker,35.0,1.0,0.7142857142857143,1,3.224225775181656,7.0,1.0
co_negative_target_t030_020,OrangeBillboard92,0.0,0.0,0.6190476190476191,1,2.5774889716452325,21.0,1.0
co_negative_target_t030_020,Spykiller007,0.0,0.0,1.0,1,2.9947779546050985,4.0,0.0
co_negative_target_t030_020,antonyjeweet,0.0,0.0,1.0,1,3.037884167107298,3.0,0.0
co_negative_target_t030_020,dankbeerdude,0.0,0.0,0.75,1,3.767184400831744,4.0,0.0
co_negative_target_t030_021,EASIMONEY88,0.0,0.0,0.3333333333333333,-1,-0.2871312263596826,12.0,0.0
co_negative_target_t030_021,Warkley,0.0,0.0,1.0,1,2.7516801036716805,2.0,0.0
co_negative_target_t030_021,justanotheruser-o_o,0.0,0.0,0.1489361702127659,-1,-1.750049827929267,47.0,0.0
co_negative_target_t030_021,matthegc,0.0,0.0,0.2258064516129032,1,0.3389307274473543,31.0,0.0
co_negative_target_t030_022,Jaiiden,25.0,1.0,0.3333333333333333,-1,-4.388085202241362,12.0,2.0
co_negative_target_t030_022,LNCrizzo,0.0,0.0,0.2105263157894736,-1,-1.991950907744827,38.0,2.0
co_negative_target_t030_022,maredimika,0.0,0.0,0.6666666666666666,1,3.8616679540783183,3.0,0.0
co_negative_target_t030_022,nunyabuis21mill,5.0,0.0,0.1153846153846153,-1,-0.483164958090442,52.0,1.0
co_negative_target_t030_023,MaleficentOption47,0.0,0.0,0.5,1,3.919080909451406,4.0,0.0
co_negative_target_t030_023,Pristine-Today4611,0.0,0.0,0.5,1,2.260604973595553,8.0,0.0
co_negative_target_t030_023,UseMoreHops,0.0,0.0,0.2916666666666667,1,1.7075636924180353,24.0,0.0
co_negative_target_t030_023,italia0101,0.0,0.0,0.8,1,3.8502866028405505,5.0,0.0
co_negative_target_t030_023,shazam7373,0.0,0.0,0.6666666666666666,1,2.8544327003857153,9.0,0.0
co_negative_target_t030_024,Dry-Conference-6493,0.0,0.0,1.0,1,1.3576137628108618,2.0,0.0
co_negative_target_t030_024,cough_e,0.0,0.0,1.0,1,4.078087343739134,2.0,0.0
co_negative_target_t030_024,hockeyjim07,0.0,0.0,1.0,1,3.691593679219843,2.0,0.0
co_negative_target_t030_024,lordchickenburger,0.0,0.0,0.4105263157894737,-1,-8.88445727230582,95.0,0.0
co_negative_target_t030_024,mankycrack,0.0,0.0,0.8571428571428571,1,0.6634524884495612,7.0,0.0
co_negative_target_t030_025,Ethwh4le,50.0,1.0,0.6875,1,2.334066681391539,16.0,1.0
co_negative_target_t030_025,Henrik-Powers,37.5,1.0,0.3636363636363636,-1,-6.24911779167442,11.0,2.0
co_negative_target_t030_025,Important-Ad1500,0.0,0.0,0.1951219512195122,-1,-0.9423057502239568,41.0,0.0
co_negative_target_t030_025,Poetil,0.0,0.0,0.4,1,1.0269193214415069,30.0,1.0
co_negative_target_t030_025,SnooStrawberries7995,0.0,0.0,0.4,1,1.6638829144837437,15.0,0.0
co_negative_target_t030_025,explorer9599,0.0,0.0,0.4,1,2.710242462064108,10.0,0.0
co_negative_target_t030_026,Delicious-Echo-3300,0.0,0.0,0.4,1,1.4229381161988477,10.0,0.0
co_negative_target_t030_026,MGoAzul,0.0,0.0,0.4444444444444444,1,3.327543870140067,9.0,0.0
co_negative_target_t030_026,NexexUmbraRs,0.0,0.0,0.6666666666666666,1,1.4306032965005255,6.0,0.0
co_negative_target_t030_026,porpoisebuilt2,0.0,0.0,0.6666666666666666,1,3.7145229477175383,3.0,0.0
co_negative_target_t030_027,Equal-Technology2528,0.0,0.0,0.6666666666666666,1,2.6704673679203794,3.0,1.0
co_negative_target_t030_027,Fit-West1045,10.0,1.0,0.08,1,2.102463655773726,25.0,1.0
co_negative_target_t030_027,tesseramous,0.0,0.0,0.3673469387755102,-1,-2.1292448574579117,49.0,0.0
co_negative_target_t030_028,Competitive_Dabber,50.0,1.0,0.6363636363636364,1,2.8793202506012148,11.0,1.0
co_negative_target_t030_028,Inevitable_Pop4005,0.0,0.0,0.6666666666666666,1,3.117579222668817,3.0,0.0
co_negative_target_t030_028,MinyMine,5.0,0.0,0.2352941176470588,1,2.2315786145674332,34.0,1.0
co_negative_target_t030_028,No-Newspaper8600,21.666666666666668,1.0,0.2307692307692307,-1,-2.441427348599249,13.0,9.0
co_negative_target_t030_028,cowswho2,0.0,0.0,0.4,1,3.654675386209259,10.0,0.0
co_negative_target_t030_029,Angustony,0.0,0.0,0.5,1,1.7672888842719183,4.0,0.0
co_negative_target_t030_029,Coixe,0.0,0.0,0.2222222222222222,1,1.0601663925793314,9.0,0.0
co_negative_target_t030_029,Crazed-Anteater-84,5.0,0.0,0.2317073170731707,1,0.5164728674411156,82.0,1.0
co_negative_target_t030_029,Delicious-System2851,0.0,0.0,1.0,1,3.705660737284192,2.0,0.0
co_negative_target_t030_029,Striking_Parsnip_457,35.0,1.0,0.3333333333333333,1,3.130394821298997,6.0,1.0
co_negative_target_t030_029,WiseChest8227,0.0,0.0,0.1818181818181818,1,2.393657317352882,11.0,0.0
co_negative_target_t030_030,Alice_D_Wonderland,0.0,0.0,0.6666666666666666,1,1.687937534572206,3.0,0.0
co_negative_target_t030_030,Basement_Chicken,0.0,0.0,1.0,1,4.028802594479969,2.0,0.0
co_negative_target_t030_030,Financial-Daikon-624,0.0,0.0,0.3088235294117647,-1,-5.35308217251375,68.0,0.0
co_negative_target_t030_030,Hazel-cyperpunk,0.0,0.0,1.0,1,2.663009663531602,2.0,0.0
co_negative_target_t030_030,PersimmonEmergency91,0.0,0.0,1.0,1,3.20498154801697,2.0,1.0
co_negative_target_t030_030,jarviez,0.0,0.5,0.3061224489795918,-1,-2.369274938989003,49.0,2.0
co_negative_target_t030_031,Hot-Driver-6921,0.0,0.0,0.3478260869565217,1,2.4121487019873564,23.0,1.0
co_negative_target_t030_031,NoConsideration6320,0.0,0.0,0.5,1,3.94068653559217,8.0,0.0
co_negative_target_t030_031,OccasionAgreeable139,0.0,0.0,0.75,1,2.6091521111594096,4.0,0.0
co_negative_target_t030_031,filbertmorris,0.0,0.0,0.4166666666666667,1,3.626777185893892,12.0,0.0
co_negative_target_t030_032,ETH2140,0.0,0.0,0.6,1,2.8022636398026917,5.0,1.0
co_negative_target_t030_032,KiNg-MaK3R,30.0,1.0,0.1382978723404255,-1,-0.4323074592312981,94.0,1.0
co_negative_target_t030_032,canadamadman,0.0,0.0,1.0,1,1.9349619732596408,2.0,0.0
co_negative_target_t030_033,AverageBitcoiner,0.0,0.0,0.2857142857142857,-1,-2.904389867167616,49.0,0.0
co_negative_target_t030_033,Ironcondorzoo,0.0,0.0,1.0,1,2.7049402124769655,2.0,0.0
co_negative_target_t030_033,Reedey,0.0,0.0,0.3333333333333333,1,1.1981192114387058,6.0,0.0
co_negative_target_t030_033,Swerve99,0.0,0.0,1.0,1,2.6496065652855196,3.0,0.0
co_negative_target_t030_034,DudeWhatThe,0.0,0.0,0.375,1,2.6128962211526456,8.0,0.0
co_negative_target_t030_034,Enkaybee,0.0,0.0,0.5,1,0.7423739437125434,4.0,0.0
co_negative_target_t030_034,MrGymBread,0.0,0.0,0.2790697674418604,-1,-1.1920120746172411,43.0,0.0
co_negative_target_t030_034,craftadvisory,0.0,0.0,0.75,1,1.9873321467549756,4.0,0.0
co_negative_target_t030_034,getwhirleddotcom,0.0,0.0,0.8,1,2.174265483794105,5.0,0.0
co_negative_target_t030_035,Commercial-Noise-326,0.0,0.0,0.4,1,4.025775317371908,5.0,0.0
co_negative_target_t030_035,CryptoBlobSwag,0.0,0.0,0.5,1,2.4473389599242363,20.0,0.0
co_negative_target_t030_035,GiLA994,5.0,1.0,1.0,-1,-0.676162174838078,4.0,1.0
co_negative_target_t030_035,MrMoistly,0.0,0.0,0.8,1,3.66118482783606,5.0,0.0
co_negative_target_t030_035,totalwarwiser,35.0,1.0,0.6666666666666666,1,3.018032176224968,9.0,1.0
co_negative_target_t030_036,CoolPineapple6969,0.0,0.0,0.6666666666666666,1,0.1914912359799201,3.0,0.0
co_negative_target_t030_036,John_Pig,0.0,0.0,0.4642857142857143,1,0.810936858465487,28.0,0.0
co_negative_target_t030_036,Just_Party96,22.5,1.0,0.1904761904761904,-1,-1.8446823554466691,21.0,2.0
co_negative_target_t030_036,XXsforEyes,0.0,0.0,0.1764705882352941,-1,-0.1033930868431927,34.0,0.0
co_negative_target_t030_037,Loopbloc,0.0,0.0,0.3666666666666666,1,0.5939625212608011,30.0,0.0
co_negative_target_t030_037,Lord_MUTLY,0.0,0.0,0.6,1,2.6835704268456677,5.0,1.0
co_negative_target_t030_037,Meisteronious,0.0,0.0,0.5,1,2.386389291212987,6.0,0.0
co_negative_target_t030_037,Ok-Train7434,0.0,0.0,0.5,1,3.767543590628774,4.0,0.0
co_negative_target_t030_038,DrPigg27,0.0,0.0,1.0,1,2.869249104101979,2.0,0.0
co_negative_target_t030_038,MastodonExotic4880,0.0,0.0,0.6666666666666666,1,3.2568447702327683,3.0,0.0
co_negative_target_t030_038,SevenCroutons,0.0,0.0,0.3773584905660377,-1,-2.3945284094254866,53.0,0.0
co_negative_target_t030_038,bebos825,0.0,0.0,0.2857142857142857,1,3.674386084985399,7.0,0.0
co_negative_target_t030_038,tbkrida,0.0,0.0,0.1935483870967742,-1,-3.996838289460881,62.0,0.0
co_negative_target_t030_039,3ugeye,2.5,1.0,0.5454545454545454,1,1.538469894078884,11.0,2.0
co_negative_target_t030_039,Altruistic_Sock2877,0.0,0.0,0.3571428571428571,1,2.98470799366087,14.0,0.0
co_negative_target_t030_039,BittyCaresForYou,0.0,0.0,0.6,1,2.851343150023712,5.0,0.0
co_negative_target_t030_039,Gimme5Beez4aQuarter,0.0,0.0,0.6666666666666666,1,4.139139343473264,6.0,0.0
co_negative_target_t030_040,Clear_Item_922,0.0,1.0,0.7272727272727273,1,2.2732561044903115,11.0,1.0
co_negative_target_t030_040,Useful-Focus5714,45.0,1.0,0.2142857142857142,1,3.2737286225999935,14.0,1.0
co_negative_target_t030_040,doemcmmckmd332,0.0,0.0,0.4,1,1.987494192147849,5.0,0.0
co_negative_target_t030_040,usually00,0.0,0.0,1.0,1,0.7277414025383084,6.0,0.0
co_negative_target_t030_041,Escapement_Watch,0.0,0.0,0.2244897959183673,-1,-2.0100122192169385,49.0,0.0
co_negative_target_t030_041,Fun_Acanthisitta_206,0.0,0.0,1.0,1,3.365305602963688,4.0,0.0
co_negative_target_t030_041,Interesting_Claim540,5.0,1.0,0.391304347826087,1,2.2301012590318487,23.0,1.0
co_negative_target_t030_041,_CryptoAlpha_,0.0,0.0,1.0,1,1.8311930285145168,3.0,0.0
co_negative_target_t030_041,never_you,0.0,0.0,0.7142857142857143,1,2.960865686834565,7.0,0.0
co_negative_target_t030_042,Equal-Math-7524,0.0,0.0,0.5714285714285714,1,2.73823035698182,14.0,0.0
co_negative_target_t030_042,New-Basil-8889,49.0,1.0,0.4,1,1.5465998399995642,5.0,5.0
co_negative_target_t030_042,RlzJohnnyM,0.0,0.0,0.5,1,4.326445686938957,4.0,0.0
co_negative_target_t030_042,road22,0.0,0.0,0.2641509433962264,-1,-2.6583315501906277,53.0,0.0
co_negative_target_t030_043,FuckSteveHuffman3,0.0,0.0,0.1904761904761904,1,1.5872196920034356,21.0,0.0
co_negative_target_t030_043,PulledPorq,0.0,0.0,0.15,1,1.9776207806141537,20.0,1.0
co_negative_target_t030_043,iflvegetables,0.0,0.0,1.0,1,3.5675658756292843,2.0,0.0
co_negative_target_t030_044,LengthinessCute1863,0.0,0.0,1.0,1,3.782770156141872,2.0,0.0
co_negative_target_t030_044,Status-Pilot1069,2.5,0.0,0.375,1,2.4282674347627182,8.0,2.0
co_negative_target_t030_044,brbleavemessage,0.0,0.0,0.4,1,3.929950547639288,10.0,0.0
co_negative_target_t030_045,Busy_Rich266,0.0,0.0,0.2222222222222222,1,2.7675760122681052,9.0,0.0
co_negative_target_t030_045,Lurchco3953,0.0,0.0,0.2727272727272727,1,0.9762285801679838,22.0,2.0
co_negative_target_t030_045,SpacePanda2176,0.0,0.0,0.2916666666666667,1,1.3203119140543147,24.0,0.0
co_negative_target_t030_045,Vakua_Lupo,0.0,0.0,0.2711864406779661,-1,-3.2849320144673175,59.0,0.0
co_negative_target_t030_046,Disapproving_Bun_82,0.0,0.0,0.4285714285714285,1,3.0428775302236653,7.0,0.0
co_negative_target_t030_046,Secure-Rich3501,1.25,0.0,0.196078431372549,-1,-1.109909488136581,51.0,4.0
co_negative_target_t030_046,TheOnlyVibemaster,0.0,0.0,0.35,1,1.1732276696683606,20.0,0.0
co_negative_target_t030_047,DaveinOakland,0.0,0.0,0.3636363636363636,1,2.144965914626749,11.0,0.0
co_negative_target_t030_047,Ok-Mud-945,0.0,0.0,1.0,1,3.2212207011065717,4.0,0.0
co_negative_target_t030_047,UraniumBums,0.0,0.0,0.4,1,3.907768830575568,5.0,0.0
co_negative_target_t030_047,gydu2202,0.0,0.0,0.4375,1,0.2184942528228939,32.0,0.0
co_negative_target_t030_048,OP_Scout_81,0.0,0.0,0.25,1,1.0355322850381323,8.0,0.0
co_negative_target_t030_048,Sleepycoiner,0.0,0.0,0.6666666666666666,1,3.4994340751274926,9.0,0.0
co_negative_target_t030_048,mdnz,0.0,0.0,0.696969696969697,1,0.5754234247360959,33.0,0.0
co_negative_target_t030_048,weewoobeepboop69420,33.333333333333336,1.0,0.4,1,1.932051504602104,5.0,3.0
co_negative_target_t030_049,BetterSeesaw,5.0,0.0,0.2894736842105263,1,1.7903606270381909,38.0,1.0
co_negative_target_t030_049,Character-Trip-1699,0.0,0.0,0.2142857142857142,1,3.2346643390346737,14.0,0.0
co_negative_target_t030_049,alphasloth1000,0.0,0.0,1.0,1,2.9718921710774877,2.0,0.0
co_negative_target_t030_049,rumo3rd,0.0,0.0,0.6923076923076923,1,3.2127680486216827,13.0,0.0
co_negative_target_t030_050,Adius_Omega,0.0,0.0,0.1153846153846153,1,1.351156484054111,26.0,0.0
co_negative_target_t030_050,Frequent_Optimist,0.0,0.0,0.1168831168831168,-1,-6.340635583121438,77.0,0.0
co_negative_target_t030_050,Ok-Abbreviations6442,0.0,0.0,0.3333333333333333,1,2.3179110847836832,12.0,1.0
