group_id,layer,threshold,member_count,internal_edge_count,internal_density,internal_weight_sum,internal_weight_mean,internal_weight_max,shared_target_count,top_shared_targets,avg_rhetorical_score,avg_non_neutral_post_ratio,avg_oppositional_stance_ratio,automation_anomaly_fraction,avg_anomaly_score,total_comment_count,total_analyzed_post_count
co_negative_target_t030_001,co_negative_target,0.3,8,11,0.39285714285714285,5.809896452365566,0.528172404760506,1.0,5,WinOutrageous1190; DuckDuckMosss; tompadget69; TLOBTC; Livid_Wolf6094,0.0,0.0,0.5535714285714286,0.0,2.9334208912279998,82.0,0.0
co_negative_target_t030_002,co_negative_target,0.3,14,15,0.16483516483516483,5.753205436951663,0.38354702913011085,0.5345224838248488,10,zzseayzz; JoeB34; ranelpadon; tom123qwerty; Difficult_Custard_38,2.857142857142857,0.10714285714285714,0.5227791116446578,0.07142857142857142,2.363545192379409,190.0,6.0
co_negative_target_t030_003,co_negative_target,0.3,10,12,0.26666666666666666,4.625527356390406,0.3854606130325338,0.6264995084522798,9,JoeB34; Cold-Enthusiasm5082; iPurchaseBitcoin; MiLiTO686; Puzzled-Figure-6448,0.5,0.1,0.48665811965811956,0.1,1.251921642992836,155.0,5.0
co_negative_target_t030_004,co_negative_target,0.3,10,10,0.2222222222222222,4.387536811345516,0.4387536811345516,0.8164965809277261,8,Jem_colley; Tonyalarm; Fun-Technology-1371; Longjumping-Baker-25; relaiapp,2.333333333333333,0.1,0.5643290043290043,0.2,1.1094191222881948,148.0,3.0
co_negative_target_t030_005,co_negative_target,0.3,10,10,0.2222222222222222,4.091687246412952,0.40916872464129517,0.7071067811865476,10,twohundred37; Prestigious-Soil-876; Additional-Rip-7410; iGoRawEverytime; BreakerOfModpacks,1.5,0.1,0.47559778627169935,0.1,2.1595254068702543,168.0,2.0
co_negative_target_t030_006,co_negative_target,0.3,10,9,0.2,4.05959259940552,0.45106584437839115,0.7071067811865476,7,Earth_Vast; BreakerOfModpacks; Darkerjev; SamwiseGamgee87; Fiach_Dubh,0.611111111111111,0.03333333333333333,0.5243014864748077,0.1,2.0143098380579625,149.0,9.0
co_negative_target_t030_007,co_negative_target,0.3,10,10,0.2222222222222222,3.980933357370394,0.3980933357370394,0.5773502691896257,10,samcornwell; Amphibious333; AguyNamedDoug2; FamineInc; mandab0bra,19.25,0.4,0.42541065696238106,0.2,1.7178350741523647,240.0,9.0
co_negative_target_t030_008,co_negative_target,0.3,9,10,0.2777777777777778,3.8076704367877587,0.3807670436787759,0.5,6,Obvireal; SynthToshi; BtcKing1111; Mercurius88888; Cold-Enthusiasm5082,18.055555555555557,0.3888888888888889,0.41964462552697845,0.1111111111111111,1.5319437396289814,153.0,9.0
co_negative_target_t030_009,co_negative_target,0.3,10,9,0.2,3.7125579632128756,0.4125064403569862,0.5773502691896257,10,Illustrious-Emu6440; neilapril1987; AdAcrobatic4002; teddy-roosevelt; Repulsive_Spite_267,6.3,0.2,0.38477426438296003,0.3,1.0611028038811616,180.0,17.0
co_negative_target_t030_010,co_negative_target,0.3,9,9,0.25,3.6560627249875193,0.40622919166527993,0.6666666666666666,9,Illustrious-Emu6440; rEYAVjQD; Soggy-Welder2265; jacestrachan; Aggressive-Tone6030,1.1111111111111112,0.1111111111111111,0.6516628271014235,0.1111111111111111,2.2475494087673966,142.0,1.0
co_negative_target_t030_011,co_negative_target,0.3,6,6,0.4,2.9426017044437978,0.4904336174072996,0.7071067811865476,4,Amphibious333; Earth_Vast; RealAsicMarketPlace; ButterscotchFormer84,0.0,0.0,0.5944435956200663,0.5,0.9222782760231866,106.0,0.0
co_negative_target_t030_012,co_negative_target,0.3,4,4,0.6666666666666666,2.4460229935291453,0.6115057483822863,1.0,3,twohundred37; Ambitious-Tutor8260; Jem_colley,1.875,0.0,0.5553921568627451,0.25,1.8944457850104552,46.0,2.0
co_negative_target_t030_013,co_negative_target,0.3,6,6,0.4,2.373984355183318,0.39566405919721964,0.5345224838248488,7,zuperman; Soggy-Feature-5927; BjornCapalot; -reddit-online-; Tasty-Charge-897,10.416666666666666,0.25,0.30828934137757663,0.16666666666666666,1.5379374635306586,119.0,8.0
co_negative_target_t030_014,co_negative_target,0.3,6,6,0.4,2.2257418583505535,0.3709569763917589,0.4000000000000001,6,Mcluckin123; Amphibious333; Due-Replacement3361; Hot_Kaleidoscope3864; MJA182,9.523809523809524,0.16666666666666666,0.2868736399628848,0.16666666666666666,0.9126698870638622,130.0,7.0
co_negative_target_t030_015,co_negative_target,0.3,6,5,0.3333333333333333,2.048747567686421,0.4097495135372842,0.4472135954999578,6,TheElitesCM; Fun_Suggestion_6307; foreverdark666; zuperman; Acceptable_Maximum81,0.0,0.0,0.5071428571428571,0.16666666666666666,0.8331461445310876,108.0,1.0
co_negative_target_t030_016,co_negative_target,0.3,6,5,0.3333333333333333,1.9919937484479262,0.3983987496895852,0.4585393956586983,7,aAlexxandre; vancleefen-official; Acceptable_Concert81; Writer-105; Cold-Enthusiasm5082,0.0,0.16666666666666666,0.6524904214559387,0.0,2.5388049399952095,59.0,1.0
co_negative_target_t030_017,co_negative_target,0.3,6,5,0.3333333333333333,1.9725215339303297,0.39450430678606596,0.5773502691896257,7,katamarijuana; einnor88; DistinctPriority1909; KenyaMatto_; Mcluckin123,0.0,0.0,0.5319881201956674,0.16666666666666666,2.0194555169607167,109.0,1.0
co_negative_target_t030_018,co_negative_target,0.3,4,4,0.6666666666666666,1.9689084622436845,0.49222711556092114,0.7071067811865476,4,anthony87458745; cheese20202; Weird-Access-8744; Illustrious-Emu6440,0.0,0.0,0.35281385281385275,0.0,2.9074277218048064,53.0,0.0
co_negative_target_t030_019,co_negative_target,0.3,6,5,0.3333333333333333,1.8586036227979774,0.3717207245595955,0.447213595499958,7,Any-Regular2960; diiffyo; FunWithSkooma; BumblebeeBroad2948; mooopy,2.5,0.25,0.48361513687600644,0.3333333333333333,-0.41138279316855714,145.0,8.0
co_negative_target_t030_020,co_negative_target,0.3,5,4,0.4,1.8497311128276555,0.46243277820691386,0.6666666666666666,5,MetalPopular4585; RedHarlow006; Fit_Statement_7325; Puzzleheaded-Grab743; Prestigious-Soil-876,7.0,0.2,0.8166666666666668,0.0,3.120312253874206,39.0,2.0
co_negative_target_t030_021,co_negative_target,0.3,4,4,0.6666666666666666,1.8287277434025213,0.4571819358506303,0.5773502691896257,4,Avocado_Ash; keepitahunned; Mind_Explorer; Prestigious-Oil-5147,0.0,0.0,0.4270189887897506,0.5,0.2633574442075213,92.0,0.0
co_negative_target_t030_022,co_negative_target,0.3,4,4,0.6666666666666666,1.7984439259478853,0.4496109814869713,0.5773502691896257,3,Ratingface; livelongbooch; Afraid-Instance-8927,7.5,0.25,0.33147773279352216,0.75,-0.7503832784995781,105.0,5.0
co_negative_target_t030_023,co_negative_target,0.3,5,4,0.4,1.7656097803687043,0.4414024450921761,0.5773502691896257,5,Prestigious-Dirt7471; nottheEboy; 007Russian; katamarijuana; BerryImpossible412,0.0,0.0,0.5516666666666666,0.0,2.918393775738252,50.0,0.0
co_negative_target_t030_024,co_negative_target,0.3,5,4,0.4,1.7594936743513463,0.4398734185878366,0.5773502691896257,4,JoeB34; Mercurius88888; Electrical-Company35; SwapSpace_co,0.0,0.0,0.853533834586466,0.2,0.18125800038271578,108.0,0.0
co_negative_target_t030_025,co_negative_target,0.3,6,5,0.3333333333333333,1.7226067266539615,0.3445213453307923,0.4190693592600305,6,Defiant-Math-9430; Altruistic-Lychee907; iknowyounot88; Sweet-Hat-7946; Rolldice08,14.583333333333334,0.3333333333333333,0.4077097191426459,0.3333333333333333,0.09061463958042015,123.0,4.0
co_negative_target_t030_026,co_negative_target,0.3,4,3,0.5,1.7071067811865475,0.5690355937288492,0.7071067811865476,4,AizenCapital; InfiniteMonkeySage; amongthesleep1; sleepy-diplodocus,0.0,0.0,0.5444444444444444,0.0,2.4739020576392448,28.0,0.0
co_negative_target_t030_027,co_negative_target,0.3,3,3,1.0,1.7071067811865475,0.5690355937288492,1.0,2,IntheTrench; Amphibious333,3.3333333333333335,0.3333333333333333,0.3713378684807256,0.3333333333333333,0.8812287220787315,77.0,2.0
co_negative_target_t030_028,co_negative_target,0.3,5,4,0.4,1.6679536440744858,0.41698841101862144,0.5000000000000001,7,Ok_Simple_5722; Tonyalarm; Writer-105; mooopy; seweroperator,15.333333333333334,0.4,0.4338187302893185,0.2,1.8883452250894952,71.0,11.0
co_negative_target_t030_029,co_negative_target,0.3,6,5,0.3333333333333333,1.6666666666666665,0.3333333333333333,0.3333333333333333,8,Majestic-Francesco; Kanye_West_Side; zzseayzz; DuckDuckMosss; OptimusShredder,6.666666666666667,0.16666666666666666,0.41151350907448464,0.0,2.0956068367047394,114.0,2.0
co_negative_target_t030_030,co_negative_target,0.3,6,5,0.3333333333333333,1.656116843112773,0.33122336862255464,0.3651483716701107,8,Alternative_Grab2578; Illustrious-Emu6440; Darkerjev; InfiniteMonkeySage; clomidjunkie,0.0,0.08333333333333333,0.7136021075096705,0.3333333333333333,0.6437290381829991,126.0,3.0
co_negative_target_t030_031,co_negative_target,0.3,4,4,0.6666666666666666,1.633392531604392,0.408348132901098,0.5163977794943222,3,Firm_Impress9337; AlwaysMooning; JG87919,0.0,0.0,0.5036231884057971,0.0,3.1471911336582075,47.0,1.0
co_negative_target_t030_032,co_negative_target,0.3,3,3,1.0,1.5289851588142684,0.5096617196047561,0.8164965809277261,2,Wactar; Soggy-Welder2265,10.0,0.3333333333333333,0.5794326241134752,0.3333333333333333,1.434972717943678,101.0,2.0
co_negative_target_t030_033,co_negative_target,0.3,4,3,0.5,1.5030677538611372,0.5010225846203791,0.8164965809277261,4,Puzzled-Figure-6448; JG87919; katamarijuana; iGoRawEverytime,0.0,0.0,0.6547619047619047,0.25,0.9120690305083937,60.0,0.0
co_negative_target_t030_034,co_negative_target,0.3,5,4,0.4,1.4937381048570173,0.3734345262142543,0.4472135954999578,5,zuperman; samcornwell; Past_Coconut_4473; In_Zyzz_We_Trust; michaelwong1116,0.0,0.0,0.5408139534883721,0.2,1.2649711441594058,64.0,0.0
co_negative_target_t030_035,co_negative_target,0.3,5,4,0.4,1.4879174179974965,0.37197935449937414,0.4472135954999578,5,SnooComics5459; GroupZealousideal770; Majestic-Francesco; TetonMovements; iknowyounot88,8.0,0.4,0.6733333333333333,0.2,2.495233821303819,43.0,2.0
co_negative_target_t030_036,co_negative_target,0.3,4,3,0.5,1.4719013978100017,0.49063379927000056,0.632455532033676,3,Mercurius88888; Soggy-Welder2265; SnooComics5459,5.625,0.25,0.3744747899159664,0.5,-0.23641183696111367,86.0,2.0
co_negative_target_t030_037,co_negative_target,0.3,4,3,0.5,1.441223411289283,0.48040780376309433,0.6666666666666666,4,HealthyMolasses8199; SwapSpace_co; Cold-Enthusiasm5082; gianndev_,0.0,0.0,0.49166666666666664,0.0,2.3578664574870576,45.0,1.0
co_negative_target_t030_038,co_negative_target,0.3,5,4,0.4,1.4264014327112207,0.35660035817780517,0.4264014327112208,6,OkEstablishment7095; Altruistic-Lychee907; ArtaxNatreyu; BerryImpossible412; GroupZealousideal770,0.0,0.0,0.5046575660087528,0.4,0.6818226520867557,127.0,0.0
co_negative_target_t030_039,co_negative_target,0.3,4,3,0.5,1.397943930658755,0.46598131021958505,0.5163977794943222,5,mannersfirst76; twohundred37; AdmirableMuscle1891; MixEast6786; illuminatti01,0.625,0.25,0.5423160173160173,0.0,2.8784150953091827,36.0,2.0
co_negative_target_t030_040,co_negative_target,0.3,4,3,0.5,1.379652811254895,0.4598842704182983,0.5000000000000001,4,LeveredOptionsTrader; ta_pi; gennyrick01; katamarijuana,11.25,0.5,0.5853896103896103,0.0,2.0655550804441156,36.0,2.0
co_negative_target_t030_041,co_negative_target,0.3,5,4,0.4,1.3667061450159776,0.3416765362539944,0.3849001794597505,6,andm1990; Aggravating-Way-9716; Big-Cry9898; ticklemypicklesir; Helpful-Ingenuity-95,1.0,0.2,0.6660159716060338,0.2,1.675490671625536,86.0,1.0
co_negative_target_t030_042,co_negative_target,0.3,4,3,0.5,1.3189870243775847,0.4396623414591949,0.5345224838248488,4,LasyAsF; Fresh_Chedd4r; JGamerX; JaNgIrOnElL,12.25,0.25,0.43389487870619947,0.25,1.4882360834324282,76.0,5.0
co_negative_target_t030_043,co_negative_target,0.3,3,2,0.6666666666666666,1.2844570503761732,0.6422285251880866,0.7071067811865476,3,Stony_1987; LordIommi68; shaktiprasad28,0.0,0.0,0.4468253968253968,0.0,2.377468782748958,43.0,1.0
co_negative_target_t030_044,co_negative_target,0.3,3,2,0.6666666666666666,1.2844570503761732,0.6422285251880866,0.7071067811865476,3,Writer-105; JerryLeeDog; TheQuema,0.8333333333333334,0.0,0.5916666666666667,0.0,3.380329379514626,20.0,2.0
co_negative_target_t030_045,co_negative_target,0.3,4,3,0.5,1.2775793634128527,0.42585978780428424,0.5345224838248488,6,meteoraln; zzseayzz; Goth_Idiot_; RevolutionaryCell374; Gymwarrior1991,0.0,0.0,0.2644506505735319,0.25,0.44479612300577154,114.0,2.0
co_negative_target_t030_046,co_negative_target,0.3,3,3,1.0,1.2408738359750233,0.41362461199167444,0.5163977794943222,2,Amphibious333; tfam1588,0.4166666666666667,0.0,0.3248832866479925,0.3333333333333333,1.0353985705851483,78.0,4.0
co_negative_target_t030_047,co_negative_target,0.3,4,3,0.5,1.2279127772889844,0.4093042590963281,0.5,4,PollabBTC; Ill_Drink_7152; gennyrick01; WinOutrageous1190,0.0,0.0,0.5502840909090909,0.0,2.3731124247829456,52.0,0.0
co_negative_target_t030_048,co_negative_target,0.3,4,3,0.5,1.226235953712676,0.4087453179042253,0.5773502691896257,4,c_malc; dbielecki21; RedHarlow006; ismayilsuleymann,8.333333333333334,0.25,0.5034090909090909,0.0,1.7606103223759564,55.0,3.0
co_negative_target_t030_049,co_negative_target,0.3,4,3,0.5,1.2044600121621778,0.4014866707207259,0.4714045207910317,5,Aggravating-Mix-4180; clomidjunkie; RugMeGently; Fit_Strategy_2218; antonsmari,1.25,0.0,0.5490167727009831,0.0,2.8024212964430086,67.0,1.0
co_negative_target_t030_050,co_negative_target,0.3,3,2,0.6666666666666666,1.2031935376664364,0.6015967688332182,0.6258432684768108,2,miamiair92; SpaceToadD,0.0,0.0,0.18853368853368846,0.3333333333333333,-0.8905226714278812,115.0,1.0
